author,prs,first_date
dependabot[bot],653,2021-08-25T16:04:15Z
alexanderbez,649,2021-09-08T18:18:51Z
mergify[bot],648,2021-08-30T22:17:30Z
alessio,500,2018-08-09T07:27:42Z
tac0turtle,364,2021-01-20T16:19:31Z
julienrbrt,361,2022-03-31T14:28:50Z
fedekunze,306,2021-09-13T21:05:43Z
amaurym,300,2021-08-25T11:13:57Z
aaronc,281,2021-10-04T21:04:11Z
robert-zaremba,238,2021-08-27T07:04:09Z
cwgoes,231,2018-05-16T11:10:16Z
colin-axner,208,2019-05-31T23:17:35Z
rigelrozanski,202,2018-05-23T23:45:33Z
ValarDragon,179,2021-09-03T16:52:30Z
jackzampolin,151,2020-09-29T00:13:36Z
ebuchman,151,2018-05-17T20:07:32Z
atheeshp,136,2021-08-30T09:08:44Z
sunnya97,127,2018-05-24T06:35:11Z
AdityaSripal,126,2018-06-15T02:32:24Z
likhita-809,117,2021-08-31T07:00:26Z
faddat,111,2017-04-08T15:21:00Z
odeke-em,101,2022-05-19T14:43:51Z
dependabot-preview[bot],99,2019-09-04T15:23:48Z
jaekwon,82,2018-05-31T11:18:19Z
zramsay,81,2018-05-15T17:19:36Z
jgimeno,78,2021-08-31T11:20:43Z
sahith-narahari,74,2021-10-19T11:13:04Z
ethanfrey,74,2019-10-16T14:13:35Z
mossid,74,2018-05-25T01:14:12Z
gamarin2,68,2018-06-04T15:37:17Z
aleem1314,66,2021-08-27T10:32:05Z
yihuang,63,2022-03-01T00:50:24Z
kocubinski,61,2022-05-23T19:49:51Z
facundomedica,57,2022-05-02T18:13:37Z
dauTT,56,2020-05-23T17:25:59Z
clevinson,53,2021-09-01T01:13:48Z
adrianbrink,52,2018-05-31T10:09:55Z
blushi,50,2020-07-03T09:31:34Z
anilCSE,41,2022-03-30T07:52:33Z
cuonglm,41,2021-02-04T15:19:42Z
lovincyrus,41,2019-11-15T22:07:36Z
yangyanqing,41,2018-06-28T23:46:25Z
ryanchristo,39,2021-09-02T19:38:23Z
technicallyty,36,2021-09-16T21:27:08Z
zmanian,34,2022-04-06T16:59:43Z
fdymylja,32,2021-10-28T14:08:57Z
RiccardoM,30,2022-04-19T08:15:09Z
gsk967,28,2021-10-05T05:34:08Z
okwme,28,2021-10-01T17:07:33Z
HaoyangLiu,27,2018-08-15T09:17:11Z
faboweb,26,2018-05-23T14:37:05Z
jleni,25,2018-08-13T07:50:00Z
JeancarloBarrios,20,2022-03-24T07:32:36Z
chengwenxi,19,2019-10-12T02:19:57Z
mslipper,19,2018-08-11T07:05:39Z
mircea-c,18,2018-11-14T16:51:22Z
dwedul-figure,17,2021-09-24T17:11:17Z
sabau,17,2019-02-19T15:56:48Z
elias-orijtech,16,2022-04-11T12:39:03Z
fadeev,16,2021-09-29T10:24:06Z
barriebyron,16,2020-12-22T16:39:42Z
cmwaters,16,2020-11-13T14:18:25Z
dreamer-zq,15,2022-06-08T07:43:44Z
cyberbono3,15,2021-08-31T13:56:06Z
roysc,15,2021-08-26T17:03:15Z
UnitylChaos,15,2018-05-28T22:20:01Z
testinginprod,14,2022-12-08T16:05:49Z
akhilkumarpilli,13,2020-07-08T12:48:45Z
greg-szabo,13,2018-05-23T16:41:12Z
michaelfig,12,2021-09-06T19:42:16Z
YunSuk-Yeo,11,2021-12-22T04:20:04Z
jtremback,10,2022-03-26T00:10:06Z
spoo-bar,10,2021-08-25T10:54:34Z
JimLarson,9,2022-02-16T03:31:15Z
erikgrinaker,9,2020-02-04T14:36:18Z
Xuefeng-Zhu,9,2019-08-28T18:44:52Z
JulianToledano,8,2022-11-07T16:43:38Z
SpicyLemon,8,2022-08-25T14:52:29Z
mpoke,8,2022-07-12T11:07:37Z
PrathyushaLakkireddy,8,2021-10-05T10:42:02Z
hjorthjort,8,2021-01-27T13:20:32Z
i-norden,8,2020-11-24T04:17:36Z
npinto,8,2018-12-18T21:54:37Z
nylira,8,2018-06-12T05:53:25Z
melekes,8,2017-06-05T12:13:22Z
JayT106,7,2022-08-23T20:40:30Z
mmsqe,7,2022-06-05T13:16:49Z
catShaark,7,2022-05-24T17:24:04Z
timlind,7,2021-11-09T07:59:10Z
webmaster128,7,2021-10-20T13:18:02Z
allthatjazzleo,7,2021-09-10T09:54:10Z
joe-bowman,7,2020-02-27T15:27:11Z
glozow,7,2019-06-06T07:09:38Z
maxim-levy,7,2018-08-15T07:23:26Z
hendrikhofstadt,7,2018-07-18T11:15:48Z
liamsi,7,2018-06-26T17:52:06Z
davekaj,7,2018-05-21T03:43:47Z
Vvaradinov,6,2022-12-12T14:52:54Z
damiannolan,6,2022-11-09T14:12:08Z
raynaudoe,6,2022-08-16T21:02:34Z
joeabbey,6,2022-07-26T16:32:33Z
cool-develope,6,2022-07-25T21:10:30Z
rootulp,6,2022-07-14T09:42:25Z
adu-crypto,6,2022-07-08T08:55:25Z
Vritra4,6,2021-12-14T07:57:27Z
puneet2019,6,2021-11-29T10:00:18Z
yaruwangway,6,2021-10-26T12:04:09Z
fkneeland-figure,6,2021-08-24T23:13:57Z
gsora,6,2021-03-09T16:06:23Z
albertchon,6,2021-03-04T19:20:04Z
PumpkinSeed,6,2019-12-21T20:45:54Z
tnachen,6,2019-09-04T18:12:44Z
hschoenburg,6,2019-05-03T21:15:44Z
kwunyeung,6,2019-02-18T08:29:30Z
dogemos,6,2019-01-15T03:51:32Z
mappum,6,2017-02-04T23:05:31Z
rllola,5,2022-07-29T09:49:40Z
hallazzang,5,2022-07-15T07:31:38Z
bruce-wayne2,5,2022-06-08T07:09:08Z
Wrathchyld,5,2022-05-09T09:00:25Z
p0mvn,5,2022-05-07T22:32:24Z
egaxhaj,5,2022-02-11T20:57:39Z
0Tech,5,2021-11-01T06:47:59Z
paul121,5,2021-09-30T17:17:30Z
NagaTulasi,5,2021-09-17T06:26:08Z
haasted,5,2021-09-01T11:41:47Z
SegueII,5,2020-05-22T03:36:06Z
helder-moreira,5,2020-05-14T13:41:48Z
boz,5,2020-05-08T05:08:14Z
dshulyak,5,2019-12-13T10:34:08Z
kogisin,5,2019-12-03T11:40:49Z
xiaoxiaff,5,2018-07-04T02:59:48Z
LLLeon,5,2018-06-01T06:32:55Z
itsdevbear,4,2023-01-30T01:19:16Z
xBalbinus,4,2022-08-01T18:24:56Z
williamchong,4,2022-06-20T10:10:30Z
assafmo,4,2022-05-13T20:13:50Z
daeMOn63,4,2022-04-20T16:09:43Z
hleb-albau,4,2022-01-25T14:29:06Z
troian,4,2022-01-21T14:34:07Z
sainoe,4,2022-01-12T14:40:27Z
mattverse,4,2021-12-14T11:07:41Z
migueldingli1997,4,2021-12-10T09:55:36Z
adu-web3,4,2021-12-10T03:20:50Z
nooomski,4,2021-10-21T10:14:08Z
0xmuralik,4,2021-10-07T05:35:04Z
conr2d,4,2021-09-19T13:32:25Z
tomtau,4,2021-09-17T06:38:39Z
shahankhatch,4,2021-02-05T13:29:52Z
likhita809,4,2020-12-17T20:11:32Z
antstalepresh,4,2020-10-28T13:28:37Z
bluele,4,2020-10-17T12:44:53Z
aayushijain23,4,2019-06-25T18:26:44Z
jordansexton,4,2019-05-09T02:36:50Z
cryptophonic,4,2019-05-05T18:21:21Z
smoelius,4,2019-03-04T11:39:09Z
wimel,4,2019-03-01T16:11:04Z
shirleypyj,4,2019-02-27T03:23:59Z
Chjango,4,2019-02-12T08:02:17Z
dongsam,4,2018-11-23T10:44:28Z
yutianwu,4,2018-11-01T03:48:31Z
MrXJC,4,2018-07-19T12:22:58Z
kidinamoto01,4,2018-06-19T08:44:59Z
elvin-du,4,2018-05-21T08:01:30Z
,3,8090
noelukwa,3,2022-12-30T07:38:09Z
angbrav,3,2022-11-25T11:58:52Z
MalteHerrmann,3,2022-11-02T13:06:00Z
Reecepbcups,3,2022-09-11T02:01:37Z
kirbyquerby,3,2022-08-09T23:18:11Z
larry0x,3,2022-07-26T05:56:08Z
glnro,3,2022-04-12T14:34:28Z
Dominator008,3,2022-04-07T15:52:18Z
danwt,3,2022-02-17T17:43:46Z
chillyvee,3,2022-01-30T10:49:57Z
devashishdxt,3,2021-11-05T02:21:43Z
iramiller,3,2021-10-28T20:43:07Z
MarinX,3,2021-10-25T14:58:40Z
giansalex,3,2021-10-21T16:51:32Z
KimuraYu45z,3,2021-10-01T09:53:56Z
9M6,3,2021-10-01T08:47:39Z
frumioj,3,2021-10-01T00:46:10Z
brennhill,3,2021-09-27T12:47:43Z
eltociear,3,2021-09-14T14:45:22Z
haifengxi,3,2021-06-10T07:22:27Z
pavel-voronin,3,2021-03-16T09:53:20Z
hydrogen18,3,2020-10-07T14:41:46Z
mdaleem,3,2020-09-01T11:11:25Z
PaddyMc,3,2020-08-27T20:14:56Z
njmurarka,3,2020-08-14T20:32:19Z
iTiky,3,2020-04-21T13:53:16Z
austinabell,3,2019-12-13T00:25:57Z
noandrea,3,2019-12-10T22:46:19Z
vovapi,3,2019-10-08T20:13:22Z
rhuairahrighairidh,3,2019-08-27T23:05:43Z
ironman0x7b2,3,2018-11-24T19:57:15Z
ackratos,3,2018-10-13T02:26:46Z
NodeGuy,3,2018-07-25T01:17:11Z
svaishnavy,3,2018-07-16T20:32:28Z
jbibla,3,2018-07-12T21:04:47Z
MikeSofaer,3,2017-12-12T00:56:12Z
cloudhead,3,2017-08-07T15:16:07Z
cipherzzz,2,2023-01-12T16:29:13Z
samricotta,2,2023-01-09T17:01:54Z
johnletey,2,2022-11-18T09:14:41Z
RusAkh,2,2022-11-16T11:29:47Z
jacobhjkim,2,2022-11-07T12:59:09Z
emidev98,2,2022-09-29T19:08:04Z
Larfie,2,2022-09-29T03:13:39Z
omahs,2,2022-09-27T07:44:58Z
hxrts,2,2022-09-01T07:42:52Z
rnbguy,2,2022-08-27T07:59:47Z
liorbond,2,2022-08-21T13:44:40Z
austinchandra,2,2022-08-16T16:13:43Z
arirubinstein,2,2022-08-07T03:33:34Z
zeroFruit,2,2022-07-24T09:17:43Z
renaynay,2,2022-07-21T12:17:54Z
snipeTR,2,2022-07-05T16:01:50Z
mojtaba-esk,2,2022-07-01T11:05:21Z
deepto98,2,2022-06-24T22:04:37Z
pyramation,2,2022-04-26T16:11:50Z
foxytanuki,2,2022-04-24T13:09:27Z
ivan-gavran,2,2022-03-30T15:21:17Z
srt32,2,2022-03-16T16:47:39Z
de-husk,2,2022-02-23T03:10:36Z
philipglazman,2,2022-01-19T20:42:03Z
creachadair,2,2021-11-15T16:13:58Z
blewater,2,2021-09-30T21:13:33Z
arijitAD,2,2021-09-24T14:40:46Z
adlerjohn,2,2021-09-01T23:34:25Z
askolesov,2,2021-08-09T13:59:17Z
JuanCarlosFrutos,2,2021-07-24T08:27:56Z
Jsn2win,2,2021-06-29T19:12:44Z
jeebster,2,2021-04-27T02:05:53Z
levicook,2,2021-04-10T15:05:07Z
mvid,2,2021-04-06T06:12:19Z
charleenfei,2,2021-03-04T11:36:51Z
wonderfan,2,2021-02-07T01:54:53Z
AaronZgl,2,2021-02-04T11:26:59Z
tzdybal,2,2021-01-13T13:02:19Z
toschdev,2,2021-01-12T17:05:18Z
mconcat,2,2021-01-04T10:27:15Z
iczc,2,2020-12-04T05:49:22Z
dgsbl,2,2020-11-20T10:12:38Z
calvinlauyh,2,2020-09-02T14:22:39Z
PashaKlybik,2,2020-05-04T19:43:23Z
avkr003,2,2020-02-12T07:13:36Z
gavinly,2,2020-02-07T15:28:21Z
antho1404,2,2020-02-06T04:08:53Z
preminem,2,2019-10-10T09:58:29Z
rdrahul,2,2019-10-09T12:34:25Z
wangkui0508,2,2019-09-17T15:02:24Z
karzak,2,2019-09-12T15:49:43Z
hqueue,2,2019-08-12T11:18:06Z
kevlubkcm,2,2019-07-24T18:09:29Z
zhangyelong,2,2019-07-22T06:26:07Z
poldsam,2,2019-07-21T20:13:07Z
grrrrreee,2,2019-07-20T16:03:01Z
ggomma,2,2019-07-12T00:08:23Z
defunctzombie,2,2019-06-05T21:23:45Z
zxh0,2,2019-05-17T10:26:25Z
wangjj9219,2,2019-03-20T07:48:58Z
HarunD,2,2018-12-14T19:18:01Z
santatic,2,2018-12-13T09:21:58Z
nil-zhang,2,2018-11-06T04:35:01Z
WALL-E,2,2018-10-10T09:34:24Z
sherry13131,2,2018-06-19T06:15:50Z
aastein,2,2018-01-10T19:29:38Z
hcopperm,2,2017-03-01T21:02:55Z
phomer,2,2017-02-25T20:11:15Z
,2,10414
