fork,prs,first_date
cosmos,7416,2021-10-04T21:04:11Z
orijtech,74,2021-02-28T03:22:56Z
notional-labs,70,2022-05-24T17:24:04Z
yihuang,60,2021-10-29T06:59:31Z
dauTT,56,2020-05-23T17:25:59Z
regen-network,47,2019-01-10T20:16:43Z
faddat,46,2021-09-02T14:15:27Z
yangyanqing,41,2018-06-28T23:46:25Z
Zondax,39,2018-08-13T07:50:00Z
gsk967,25,2021-10-05T05:34:08Z
RiccardoM,24,2019-05-06T12:06:09Z
vulcanize,22,2021-12-08T13:51:34Z
irisnet,22,2019-10-16T10:57:15Z
agoric-labs,21,2022-02-16T03:31:15Z
osmosis-labs,20,2022-03-07T15:49:46Z
mslipper,19,2018-08-11T07:05:39Z
CosmWasm,18,2019-06-24T11:26:48Z
HaoyangLiu,18,2018-08-15T09:17:11Z
elias-orijtech,16,2022-04-11T12:39:03Z
sikkatech,16,2020-10-28T13:28:37Z
colin-axner,15,2019-05-31T23:17:35Z
dreamer-zq,12,2021-09-03T06:18:00Z
zmanian,10,2018-05-20T00:32:00Z
akash-network,9,2020-05-08T05:08:14Z
Xuefeng-Zhu,9,2019-08-28T18:44:52Z
YunSuk-Yeo,9,2019-07-09T01:27:33Z
julienrbrt,8,2022-09-07T23:08:28Z
provenance-io,8,2022-01-20T16:49:34Z
terra-money,8,2021-12-14T07:57:27Z
PrathyushaLakkireddy,8,2021-10-05T10:42:02Z
hjorthjort,8,2021-01-27T13:20:32Z
npinto,8,2018-12-18T21:54:37Z
jackzampolin,8,2018-06-20T23:20:12Z
JayT106,7,2022-08-23T20:40:30Z
mmsqe,7,2022-06-05T13:16:49Z
zramsay,7,2021-12-10T02:20:15Z
timlind,7,2021-11-09T07:59:10Z
webmaster128,7,2021-10-20T13:18:02Z
allthatjazzleo,7,2021-09-10T09:54:10Z
chengwenxi,7,2019-10-12T02:19:57Z
maxim-levy,7,2018-08-15T07:23:26Z
hendrikhofstadt,7,2018-07-18T11:15:48Z
liamsi,7,2018-06-26T17:52:06Z
davekaj,7,2018-05-21T03:43:47Z
Vvaradinov,6,2022-12-12T14:52:54Z
rootulp,6,2022-07-14T09:42:25Z
adu-crypto,6,2022-07-08T08:55:25Z
puneet2019,6,2021-11-29T10:00:18Z
PumpkinSeed,6,2019-12-21T20:45:54Z
Kava-Labs,6,2019-09-12T15:49:43Z
lino-network,6,2019-05-20T18:08:44Z
dogemos,6,2019-01-15T03:51:32Z
forbole,6,2018-05-24T07:34:24Z
,5,ghost
hallazzang,5,2022-07-15T07:31:38Z
bruce-wayne2,5,2022-06-08T07:09:08Z
celestiaorg,5,2022-05-25T12:56:47Z
Wrathchyld,5,2022-05-09T09:00:25Z
damiannolan,5,2022-04-26T09:42:12Z
joeabbey,5,2022-04-13T20:52:15Z
0Tech,5,2021-11-01T06:47:59Z
jtremback,5,2021-10-15T20:45:46Z
paul121,5,2021-09-30T17:17:30Z
NagaTulasi,5,2021-09-17T06:26:08Z
fkneeland-figure,5,2021-08-24T23:13:57Z
albertchon,5,2021-03-04T19:20:04Z
akhilkumarpilli,5,2020-07-08T12:48:45Z
dshulyak,5,2019-12-13T10:34:08Z
alessio,5,2018-08-09T07:27:42Z
LLLeon,5,2018-06-01T06:32:55Z
bianjieai,4,2022-06-08T07:43:44Z
daeMOn63,4,2022-04-20T16:09:43Z
desmos-labs,4,2022-02-18T09:16:38Z
scrtlabs,4,2022-02-08T22:55:08Z
sainoe,4,2022-01-12T14:40:27Z
migueldingli1997,4,2021-12-10T09:55:36Z
adu-web3,4,2021-12-10T03:20:50Z
0xmuralik,4,2021-10-07T05:35:04Z
tomtau,4,2021-09-17T06:38:39Z
likhita809,4,2020-12-17T20:11:32Z
i-norden,4,2020-11-24T04:17:36Z
bluele,4,2020-10-17T12:44:53Z
cosmos-cg-key-management,4,2019-06-24T20:29:23Z
cryptophonic,4,2019-05-05T18:21:21Z
smoelius,4,2019-03-04T11:39:09Z
wimel,4,2019-03-01T16:11:04Z
shirleypyj,4,2019-02-27T03:23:59Z
Chjango,4,2019-02-12T08:02:17Z
dongsam,4,2018-11-23T10:44:28Z
yutianwu,4,2018-11-01T03:48:31Z
elvin-du,4,2018-05-21T08:01:30Z
rigelrozanski,4,2017-01-27T01:41:46Z
noelukwa,3,2022-12-30T07:38:09Z
berachain,3,2022-12-22T19:34:44Z
testinginprod,3,2022-11-30T22:02:02Z
MalteHerrmann,3,2022-11-02T13:06:00Z
joe-bowman,3,2022-10-28T09:35:15Z
Reecepbcups,3,2022-09-11T02:01:37Z
xBalbinus,3,2022-07-04T14:23:40Z
williamchong,3,2022-04-07T19:01:06Z
Dominator008,3,2022-04-07T15:52:18Z
ingenuity-build,3,2022-03-25T09:17:31Z
danwt,3,2022-02-17T17:43:46Z
chillyvee,3,2022-01-30T10:49:57Z
hleb-albau,3,2022-01-25T14:29:06Z
mattverse,3,2021-12-14T11:07:41Z
devashishdxt,3,2021-11-05T02:21:43Z
iramiller,3,2021-10-28T20:43:07Z
MarinX,3,2021-10-25T14:58:40Z
disperze,3,2021-10-21T16:51:32Z
KimuraYu45z,3,2021-10-01T09:53:56Z
9M6,3,2021-10-01T08:47:39Z
brennhill,3,2021-09-27T12:47:43Z
eltociear,3,2021-09-14T14:45:22Z
e-money,3,2021-09-01T11:41:47Z
pavel-voronin,3,2021-03-16T09:53:20Z
barriebyron,3,2020-12-22T16:39:42Z
cyberbono3,3,2020-12-05T22:55:03Z
mdaleem,3,2020-09-01T11:11:25Z
njmurarka,3,2020-08-14T20:32:19Z
vitwit,3,2020-06-10T11:40:16Z
dfinance,3,2020-04-21T13:53:16Z
okx,3,2020-04-20T14:51:55Z
jgimeno,3,2019-12-11T17:10:36Z
vovapi,3,2019-10-08T20:13:22Z
tnachen,3,2019-08-22T01:25:44Z
coinexchain,3,2019-06-14T10:29:18Z
kogisin,3,2019-01-21T09:36:06Z
ironman0x7b2,3,2018-11-24T19:57:15Z
ackratos,3,2018-10-13T02:26:46Z
svaishnavy,3,2018-07-16T20:32:28Z
gamarin2,3,2018-06-20T22:46:59Z
kwunyeung,3,2018-02-20T03:59:45Z
MikeSofaer,3,2017-12-12T00:56:12Z
cipherzzz,2,2023-01-12T16:29:13Z
KYVENetwork,2,2022-11-18T09:14:41Z
jacobhjkim,2,2022-11-07T12:59:09Z
InjectiveLabs,2,2022-11-04T17:37:20Z
emidev98,2,2022-09-29T19:08:04Z
Larfie,2,2022-09-29T03:13:39Z
omahs,2,2022-09-27T07:44:58Z
Stride-Labs,2,2022-09-02T00:09:09Z
rnbguy,2,2022-08-27T07:59:47Z
evmos,2,2022-08-16T16:13:43Z
kirbyquerby,2,2022-08-09T23:18:11Z
arirubinstein,2,2022-08-07T03:33:34Z
zeroFruit,2,2022-07-24T09:17:43Z
renaynay,2,2022-07-21T12:17:54Z
snipeTR,2,2022-07-05T16:01:50Z
mojtaba-esk,2,2022-07-01T11:05:21Z
deepto98,2,2022-06-24T22:04:37Z
pyramation,2,2022-04-26T16:11:50Z
foxytanuki,2,2022-04-24T13:09:27Z
facundomedica,2,2022-04-23T11:58:25Z
public-awesome,2,2022-04-12T22:02:14Z
ivan-gavran,2,2022-03-30T15:21:17Z
srt32,2,2022-03-16T16:47:39Z
de-husk,2,2022-02-23T03:10:36Z
gsora,2,2022-02-04T13:57:52Z
philipglazman,2,2022-01-19T20:42:03Z
blewater,2,2021-09-30T21:13:33Z
arijitAD,2,2021-09-24T14:40:46Z
conr2d,2,2021-09-19T13:32:25Z
haderech,2,2021-09-10T10:33:36Z
SpicyLemon,2,2021-09-02T17:17:57Z
adlerjohn,2,2021-09-01T23:34:25Z
JuanCarlosFrutos,2,2021-07-24T08:27:56Z
frumioj,2,2021-07-09T17:10:14Z
Jsn2win,2,2021-06-29T19:12:44Z
jeebster,2,2021-04-27T02:05:53Z
levicook,2,2021-04-10T15:05:07Z
mvid,2,2021-04-06T06:12:19Z
b-harvest,2,2021-03-29T02:35:26Z
charleenfei,2,2021-03-04T11:36:51Z
technicallyty,2,2021-03-02T03:50:08Z
wonderfan,2,2021-02-07T01:54:53Z
cuonglm,2,2021-02-04T15:19:42Z
AaronZgl,2,2021-02-04T11:26:59Z
toschdev,2,2021-01-12T17:05:18Z
iqlusioninc,2,2020-12-28T15:23:18Z
iczc,2,2020-12-04T05:49:22Z
dgsbl,2,2020-11-20T10:12:38Z
cmwaters,2,2020-11-13T14:18:25Z
calvinlauyh,2,2020-09-02T14:22:39Z
okwme,2,2020-07-16T09:01:49Z
fedekunze,2,2020-06-09T20:12:20Z
p2p-org,2,2020-05-04T19:43:23Z
avkr003,2,2020-02-12T07:13:36Z
gavinly,2,2020-02-07T15:28:21Z
antho1404,2,2020-02-06T04:08:53Z
cosmostation,2,2019-12-03T11:40:49Z
haasted,2,2019-10-21T11:32:01Z
preminem,2,2019-10-10T09:58:29Z
rdrahul,2,2019-10-09T12:34:25Z
wangkui0508,2,2019-09-17T15:02:24Z
hqueue,2,2019-08-12T11:18:06Z
kevlubkcm,2,2019-07-24T18:09:29Z
zhangyelong,2,2019-07-22T06:26:07Z
Proof-Of-Audit,2,2019-07-21T20:13:07Z
grrrrreee,2,2019-07-20T16:03:01Z
ggomma,2,2019-07-12T00:08:23Z
ChainSafe,2,2019-07-04T22:16:04Z
Polychain,2,2019-06-05T21:23:45Z
wangjj9219,2,2019-03-20T07:48:58Z
beihang-suzhou,2,2019-02-22T02:21:29Z
HarunD,2,2018-12-14T19:18:01Z
santatic,2,2018-12-13T09:21:58Z
nil-zhang,2,2018-11-06T04:35:01Z
WALL-E,2,2018-10-10T09:34:24Z
MrXJC,2,2018-08-27T13:24:29Z
AdityaSripal,2,2018-06-15T02:32:24Z
aastein,2,2018-01-10T19:29:38Z
EmilGeorgiev,1,2023-01-23T18:29:14Z
freaker2k7,1,2023-01-11T10:09:09Z
aeharvlee,1,2023-01-11T07:33:42Z
RafilxTenfen,1,2023-01-07T16:21:26Z
jmesworld,1,2023-01-07T10:03:49Z
burnt-labs,1,2023-01-05T04:29:55Z
mdumais-stratos,1,2023-01-04T21:59:38Z
steak-enjoyers,1,2023-01-04T06:21:53Z
tbruyelle,1,2023-01-02T09:56:09Z
gjermundgaraba,1,2022-12-27T11:16:30Z
dpdanpittman,1,2022-12-16T02:19:22Z
okp4,1,2022-11-29T08:43:32Z
javiersuweijie,1,2022-11-29T02:52:02Z
facs95,1,2022-11-24T01:31:58Z
dangush,1,2022-11-22T20:04:22Z
toteki,1,2022-11-20T14:06:52Z
AdamKorcz,1,2022-11-16T14:14:44Z
ttl33,1,2022-11-10T01:19:33Z
made-in-block,1,2022-10-30T09:25:31Z
0xArbi,1,2022-10-28T15:52:24Z
0fatih,1,2022-10-25T18:50:44Z
pointnetwork,1,2022-10-24T10:00:28Z
leoflalv,1,2022-10-22T23:33:24Z
xavierlepretre,1,2022-10-18T13:36:18Z
onomyprotocol,1,2022-10-17T15:46:43Z
mande-labs,1,2022-09-28T04:34:26Z
Hachiman2284,1,2022-09-25T01:44:34Z
harpy-wings,1,2022-09-21T11:07:23Z
pratikbin,1,2022-09-20T12:16:51Z
Olshansk,1,2022-09-13T23:10:51Z
smarshall-spitzbart,1,2022-08-31T00:18:55Z
liorbond,1,2022-08-21T13:44:40Z
Wryhder,1,2022-08-19T11:21:14Z
mkXultra,1,2022-08-19T08:40:05Z
taramakage,1,2022-08-18T13:40:41Z
Cashmaney,1,2022-08-10T10:27:16Z
blazeroni,1,2022-08-10T10:02:44Z
pubpri,1,2022-08-09T05:31:40Z
Esse0404,1,2022-08-04T17:29:33Z
sw-11-00,1,2022-07-29T02:35:35Z
larry0x,1,2022-07-26T05:56:08Z
anantasty,1,2022-07-25T18:10:23Z
mikedotexe,1,2022-07-23T20:14:07Z
solitarysp,1,2022-07-21T08:31:44Z
silverstr89,1,2022-07-20T15:19:09Z
ratankaliani,1,2022-07-19T08:44:38Z
hooki,1,2022-07-17T17:07:19Z
shaneing,1,2022-07-17T13:18:59Z
stackman27,1,2022-07-17T07:49:15Z
bradyjoestar,1,2022-07-09T06:16:07Z
chatton,1,2022-07-05T15:25:03Z
mars-protocol,1,2022-07-05T01:14:20Z
turrisxyz,1,2022-06-25T00:58:36Z
hea9549,1,2022-06-21T04:43:04Z
likecoin,1,2022-06-20T10:10:30Z
chris-ricketts,1,2022-06-10T15:38:25Z
pirtleshell,1,2022-06-09T19:17:51Z
zanicar,1,2022-05-30T07:02:20Z
ademarco,1,2022-05-27T06:34:06Z
pinosu,1,2022-05-19T09:18:03Z
crypto-org-chain,1,2022-05-18T05:03:48Z
Zhangguiguang,1,2022-05-16T09:35:15Z
assafmo,1,2022-05-13T20:13:50Z
surajsjain,1,2022-05-11T03:26:46Z
Add3-Marketing,1,2022-05-07T22:32:24Z
dcb9,1,2022-05-06T07:39:43Z
hxrts,1,2022-05-02T10:25:36Z
erick-hash,1,2022-05-01T05:12:12Z
0xyicheng,1,2022-04-30T13:27:15Z
nicolaslara,1,2022-04-29T12:22:17Z
VolumeFi,1,2022-04-27T12:00:55Z
prettymuchbryce,1,2022-04-21T21:08:47Z
takapi327,1,2022-04-21T14:24:49Z
danburck,1,2022-04-11T15:00:07Z
rockypipe,1,2022-03-28T20:38:49Z
houshengbo,1,2022-03-28T14:05:30Z
Harry-027,1,2022-03-24T11:10:00Z
aljo242,1,2022-03-23T14:25:31Z
tharsis,1,2022-03-22T05:51:49Z
nnkken,1,2022-03-17T17:37:55Z
itsdevbear,1,2022-03-02T05:43:00Z
arjundashrath,1,2022-03-01T21:16:36Z
Thunnini,1,2022-02-19T23:01:39Z
good-faith,1,2022-01-25T16:11:05Z
ChristianBorst,1,2022-01-24T18:59:58Z
SierraGolf,1,2022-01-15T15:09:38Z
ronaldstoner,1,2022-01-10T22:22:10Z
Terra854,1,2022-01-10T05:49:24Z
git-sgmoore,1,2021-12-28T20:14:42Z
swelf19,1,2021-12-27T16:06:43Z
b9lab,1,2021-12-10T15:08:37Z
evancholmberg,1,2021-12-06T23:58:36Z
TarekAwwad,1,2021-12-06T19:20:45Z
Yawning,1,2021-12-05T22:48:40Z
dtkong,1,2021-11-26T23:52:44Z
cheqd,1,2021-11-26T15:37:52Z
hackartists,1,2021-11-25T22:54:41Z
pwang00,1,2021-11-23T03:27:45Z
justincjohnson,1,2021-11-14T14:27:41Z
rajrohit10,1,2021-10-17T17:22:58Z
kiprasdak,1,2021-10-17T17:19:41Z
mdmohsin7,1,2021-10-16T06:56:28Z
Juneezee,1,2021-10-12T06:44:19Z
waggonerjake,1,2021-10-11T23:53:34Z
charymalloju,1,2021-10-08T11:56:26Z
clockworkgr,1,2021-10-08T07:49:00Z
juggernaut09,1,2021-10-05T10:36:06Z
iverc,1,2021-10-03T05:14:21Z
crodriguezvega,1,2021-09-21T17:54:10Z
soniasingla,1,2021-09-18T15:24:12Z
Vritra4,1,2021-09-15T09:29:40Z
erikgrinaker,1,2021-09-12T17:48:37Z
roignpar,1,2021-09-01T16:46:45Z
leejw51crypto,1,2021-08-20T07:20:53Z
askolesov,1,2021-08-09T13:59:17Z
cabemo,1,2021-08-02T07:35:19Z
weichain,1,2021-07-27T14:01:03Z
lukerhoads,1,2021-07-27T04:48:36Z
abhimanyusinghgaur,1,2021-07-24T09:20:50Z
adoriasoft,1,2021-07-16T11:20:44Z
bragaz,1,2021-07-06T08:38:44Z
gotjoshua,1,2021-07-03T15:49:48Z
ig-shaun,1,2021-06-27T19:09:40Z
youngjoon-lee,1,2021-06-19T14:08:21Z
LeCodeurDuDimanche,1,2021-06-08T09:49:34Z
augchan42,1,2021-06-05T14:53:03Z
dualsystems,1,2021-05-30T23:25:14Z
freak12techno,1,2021-05-21T23:25:12Z
andynog,1,2021-05-21T11:25:15Z
bryanchriswhite,1,2021-05-21T08:07:06Z
unixpi,1,2021-05-18T08:42:05Z
mhmestb2018,1,2021-05-09T11:08:34Z
l-parabellum,1,2021-05-08T22:01:09Z
hulatown,1,2021-05-08T07:32:40Z
rafaelsousa,1,2021-04-29T16:53:31Z
oracleNetworkProtocol,1,2021-04-13T09:54:01Z
calvinaco,1,2021-04-01T18:55:53Z
akshgpt7,1,2021-03-18T17:02:40Z
pashashocky,1,2021-03-02T13:49:20Z
victorfrancax1,1,2021-01-29T17:53:20Z
summerpro,1,2021-01-28T08:49:12Z
V-services-center,1,2021-01-12T13:47:23Z
Rajakavitha1,1,2021-01-02T11:26:24Z
ParthDesai,1,2020-11-27T08:44:06Z
alpe,1,2020-11-20T11:18:36Z
hanjukim,1,2020-11-16T04:00:35Z
araskachoi,1,2020-10-14T22:55:35Z
khdegraaf,1,2020-10-14T05:38:38Z
helder-moreira,1,2020-10-02T19:24:47Z
vince19972,1,2020-08-25T18:37:44Z
murthyvitwit,1,2020-08-19T19:48:37Z
maydany,1,2020-07-29T09:58:38Z
KiraCore,1,2020-07-26T18:51:40Z
enfipy,1,2020-07-21T17:45:47Z
FinnZhang,1,2020-07-20T08:23:46Z
daoleno,1,2020-07-17T06:07:17Z
AlexMapley,1,2020-07-08T22:53:14Z
blushi,1,2020-07-03T09:31:34Z
siburu,1,2020-06-16T06:33:01Z
ahmedaly113,1,2020-05-27T18:39:38Z
Mikerah,1,2020-05-15T01:56:22Z
kochetkov-av,1,2020-05-13T16:47:13Z
whylee259,1,2020-05-12T01:52:38Z
Sladuca,1,2020-05-04T17:51:29Z
sorawit,1,2020-04-21T08:23:19Z
homura,1,2020-04-17T11:42:57Z
SegueII,1,2020-04-03T09:55:31Z
eosforce,1,2020-04-01T13:08:29Z
hikingpig,1,2020-03-23T22:38:16Z
gregdhill,1,2020-03-09T21:07:59Z
hsyis,1,2020-03-03T10:41:28Z
ChorusOne,1,2020-02-27T15:27:11Z
gagbo,1,2020-02-14T20:43:27Z
404paper,1,2020-01-30T06:19:44Z
NicolasMahe,1,2020-01-29T04:56:42Z
githubsands,1,2020-01-29T02:55:17Z
ykc415,1,2020-01-15T04:42:52Z
jmprice314159,1,2020-01-14T22:13:57Z
corestario,1,2020-01-09T08:55:22Z
cbarraford,1,2020-01-09T03:18:20Z
kaustubhkapatral,1,2019-12-21T14:04:43Z
austinabell,1,2019-12-13T00:25:57Z
ardaguclu,1,2019-12-11T19:41:02Z
apeunit,1,2019-12-10T22:46:19Z
prestwich,1,2019-11-18T22:18:10Z
maxwellfoley3,1,2019-11-05T22:42:10Z
alexfmpe,1,2019-10-20T18:31:28Z
whunmr,1,2019-10-09T13:03:58Z
Ruihuan,1,2019-09-26T07:59:34Z
mkg20001,1,2019-09-23T17:37:55Z
DataWallet,1,2019-09-12T14:20:55Z
Segfaultd,1,2019-08-28T11:31:09Z
djuanit0x,1,2019-06-28T13:23:46Z
hashgard,1,2019-06-12T07:17:09Z
juliankoh,1,2019-06-06T01:54:24Z
debragail,1,2019-06-03T23:51:11Z
4ever9,1,2019-06-02T11:29:43Z
okblockchainlab,1,2019-05-31T09:02:41Z
lbc-team,1,2019-05-29T02:44:13Z
jpthor,1,2019-05-28T07:26:24Z
tac0turtle,1,2019-05-17T08:16:11Z
EG-easy,1,2019-05-15T08:27:28Z
cryptiumlabs,1,2019-05-13T07:28:37Z
fatisar,1,2019-05-12T19:54:04Z
secp256,1,2019-05-08T10:05:00Z
hukkin,1,2019-04-28T17:07:54Z
xwartz,1,2019-04-25T10:25:52Z
NicolasLagaillardie,1,2019-04-13T09:50:58Z
zxh0,1,2019-04-09T02:53:34Z
MVPWorkshop,1,2019-04-07T13:18:16Z
validator-network,1,2019-03-28T22:46:00Z
chris-remus,1,2019-03-18T20:17:04Z
Genysys,1,2019-03-17T10:44:20Z
gin,1,2019-03-11T08:52:17Z
aspect,1,2019-02-15T20:34:49Z
ducembarr,1,2019-02-06T20:41:05Z
ebuchman,1,2018-12-26T04:35:46Z
thanethomson,1,2018-12-18T10:01:47Z
aknuds1,1,2018-12-13T08:42:50Z
arturalbov,1,2018-11-30T13:51:43Z
BigManing,1,2018-11-27T08:03:06Z
johnmcdowall,1,2018-11-14T04:38:50Z
curicm,1,2018-11-07T19:48:02Z
samalba,1,2018-11-02T23:11:34Z
sentinel-official,1,2018-10-15T09:57:41Z
jessysaurusrex,1,2018-09-20T03:10:07Z
goolAdapter,1,2018-08-21T07:00:53Z
philipstanislaus,1,2018-08-12T10:05:20Z
avis,1,2018-08-12T02:38:25Z
gblue1223,1,2018-08-03T22:57:41Z
iMuzz,1,2018-07-02T17:27:14Z
7768,1,2018-06-24T22:04:13Z
gkumar7,1,2018-06-22T03:37:13Z
thang14,1,2018-06-13T10:46:55Z
kidinamoto01,1,2018-06-13T04:03:59Z
awrelll,1,2018-06-09T08:57:33Z
ValarDragon,1,2018-05-28T19:40:28Z
UnitylChaos,1,2018-05-25T01:13:42Z
cwgoes,1,2018-03-22T17:56:01Z
PinZhang,1,2018-03-06T15:00:53Z
ivanproskuryakov,1,2018-01-30T21:39:30Z
odeke-em,1,2018-01-29T22:12:28Z
arnonuem,1,2017-12-13T12:51:07Z
mustitz,1,2017-11-21T10:29:17Z
rbkhmrcr,1,2017-05-23T13:48:26Z
dawn-network,1,2017-04-08T15:32:39Z
ethanfrey,1,2016-09-12T07:41:33Z
